ueId,sliceId,throughputMbps,avgDelayMs,packetLossRatio,txBytes,rxBytes,txPackets,rxPackets
4,0,25.2093,13.5353,0.00144803,31557372,31511676,22099,22067
5,0,25.2093,13.5353,0.00144803,31557372,31511676,22099,22067
6,1,0.001024,14.2286,0,1280,1280,10,10
7,1,0.001024,15.7286,0,1280,1280,10,10
